"Category","Issue","Severity","AffectedObject","Description","Impact","Remediation","DetectedDate","MitreTechnique","AnssiControl","Weight","SeverityLevel","Details","EstimatedEffort","KnownRisks","BackupRollback","OperationalNotes","TestName"
"Legacy Auth & Name Poisoning","WSUS Delivered over HTTP","Critical","synthetic-object-1.fabrikam.local","[SYNTHETIC TEST DATA] Placeholder finding for 'WSUS Delivered over HTTP', generated to exercise report rendering - not a real detection result against 'fabrikam.local' or any other domain.","[SYNTHETIC TEST DATA] Placeholder impact text for 'WSUS Delivered over HTTP'. See src/Scoring.ps1 and the corresponding src/*.ps1 check for this Issue's real Impact wording.","[SYNTHETIC TEST DATA] Placeholder remediation text for 'WSUS Delivered over HTTP'.","09/21/2026 20:17:13","T1210","vuln1_wsus_http","40","4","{""Tier"":""25pct"",""Synthetic"":true}","Medium - converting WSUS to HTTPS requires a certificate, an IIS binding change, and reconfiguring every client's WSUS GPO to the new URL, a coordinated multi-step change across the fleet.","A botched certificate or binding change can temporarily break update delivery to every client pointed at that WSUS server until corrected; switching to HTTPS itself carries no other legitimate compatibility risk.","Moderate - revert the WSUS client GPO to the HTTP URL and the IIS binding to HTTP; requires a Group Policy refresh across clients to fully take effect.","",""
"Coercion & Relay Exposure","WebClient Service Enabled on Domain Controller","Critical","synthetic-object-2.fabrikam.local","[SYNTHETIC TEST DATA] Placeholder finding for 'WebClient Service Enabled on Domain Controller', generated to exercise report rendering - not a real detection result against 'fabrikam.local' or any other domain.","[SYNTHETIC TEST DATA] Placeholder impact text for 'WebClient Service Enabled on Domain Controller'. See src/Scoring.ps1 and the corresponding src/*.ps1 check for this Issue's real Impact wording.","[SYNTHETIC TEST DATA] Placeholder remediation text for 'WebClient Service Enabled on Domain Controller'.","09/21/2026 20:17:13","T1187","vuln1_dc_webclient_running","40","4","{""Tier"":""25pct"",""Synthetic"":true}","Low - stop and disable a single service on each DC.","Disabling WebClient (WebDAV) removes WebDAV redirector functionality on the DC host itself, which is essentially never a legitimate DC use case.","Easy - re-enable and start the service; effective immediately, no data loss.","",""
"Certificate Services","Weak ACL on PKI Container Object (ESC5)","Critical","synthetic-object-3.fabrikam.local","[SYNTHETIC TEST DATA] Placeholder finding for 'Weak ACL on PKI Container Object (ESC5)', generated to exercise report rendering - not a real detection result against 'fabrikam.local' or any other domain.","[SYNTHETIC TEST DATA] Placeholder impact text for 'Weak ACL on PKI Container Object (ESC5)'. See src/Scoring.ps1 and the corresponding src/*.ps1 check for this Issue's real Impact wording.","[SYNTHETIC TEST DATA] Placeholder remediation text for 'Weak ACL on PKI Container Object (ESC5)'.","09/21/2026 20:17:13","T1649","vuln1_adcs_esc5","40","4","{""Tier"":""25pct"",""Synthetic"":true}","Medium - a container-level ACE removal; confirm the trustee isn't a legitimate PKI-management tool or delegated administrator before removing.","Procedural - confirm the trustee isn't an active PKI-management automation account or delegated admin before removing; no realistic legitimate technical break otherwise.","Moderate - export the container's ACL (dsacls or PSPKI) before changing it so the exact ACE can be restored if needed.","",""
"Schema Integrity","Vulnerable Schema Class Allows Arbitrary Object Creation","Critical","synthetic-object-4.fabrikam.local","[SYNTHETIC TEST DATA] Placeholder finding for 'Vulnerable Schema Class Allows Arbitrary Object Creation', generated to exercise report rendering - not a real detection result against 'fabrikam.local' or any other domain.","[SYNTHETIC TEST DATA] Placeholder impact text for 'Vulnerable Schema Class Allows Arbitrary Object Creation'. See src/Scoring.ps1 and the corresponding src/*.ps1 check for this Issue's real Impact wording.","[SYNTHETIC TEST DATA] Placeholder remediation text for 'Vulnerable Schema Class Allows Arbitrary Object Creation'.","09/21/2026 20:17:13","T1098","vuln1_schema_class_vulnerable","40","4","{""Tier"":""25pct"",""Synthetic"":true}","Medium - schema changes require Schema Admins and are forest-wide, so validate the change in a lab before applying, and confirm no legitimate application depends on the current (vulnerable) configuration.","Schema modifications are forest-wide and cannot be easily reverted (schema attributes/classes can be deactivated but not fully deleted) - test any corrective change thoroughly in a lab first.","Difficult - schema changes are effectively permanent (classes/attributes can be deactivated, not removed); a system state backup of a schema-master DC before changing anything is the only real rollback path.","",""
"Kerberos Delegation","User Account with Protocol Transition (T2A4D)","Critical","synthetic-object-5.fabrikam.local","[SYNTHETIC TEST DATA] Placeholder finding for 'User Account with Protocol Transition (T2A4D)', generated to exercise report rendering - not a real detection result against 'fabrikam.local' or any other domain.","[SYNTHETIC TEST DATA] Placeholder impact text for 'User Account with Protocol Transition (T2A4D)'. See src/Scoring.ps1 and the corresponding src/*.ps1 check for this Issue's real Impact wording.","[SYNTHETIC TEST DATA] Placeholder remediation text for 'User Account with Protocol Transition (T2A4D)'.","09/21/2026 20:17:13","T1558","vuln1_user_protocol_transition","40","4","{""Tier"":""25pct"",""Synthetic"":true}","Medium - a single-attribute change, but confirm whether the impersonation capability is still required before removing it; migrating to a Group Managed Service Account (as the remediation suggests) is a larger, separate project.","Protocol transition on a user account is a highly consequential but sometimes legitimate impersonation mechanism, so removing it can break the specific service still relying on it.","Easy - restore the TrustedToAuthForDelegation flag and delegation list on the account; effective at next Kerberos ticket request, no data loss.","",""
"User Account","Unconstrained Delegation Enabled","Critical","synthetic-object-6.fabrikam.local","[SYNTHETIC TEST DATA] Placeholder finding for 'Unconstrained Delegation Enabled', generated to exercise report rendering - not a real detection result against 'fabrikam.local' or any other domain.","[SYNTHETIC TEST DATA] Placeholder impact text for 'Unconstrained Delegation Enabled'. See src/Scoring.ps1 and the corresponding src/*.ps1 check for this Issue's real Impact wording.","[SYNTHETIC TEST DATA] Placeholder remediation text for 'Unconstrained Delegation Enabled'.","09/21/2026 20:17:13","T1558","vuln1_unconstrained_delegation","40","4","{""Tier"":""25pct"",""Synthetic"":true}","Medium - removing unconstrained delegation without configuring an equivalent constrained/RBCD replacement first can break the legitimate double-hop authentication scenario it was supporting, so this needs discovery of what the account/computer actually delegates to.","Unconstrained delegation is one of the most consequential AD misconfigurations (a compromised host with this flag can capture and reuse TGTs of any user who authenticates to it), but removing it without a replacement delegation model will break whatever legitimate multi-hop authentication currently depends on it.","Easy - revert the TRUSTED_FOR_DELEGATION flag; effective at next Kerberos ticket request, no data loss.","",""
"Replication Security","Unauthorized DCSync Permissions","Critical","synthetic-object-7.fabrikam.local","[SYNTHETIC TEST DATA] Placeholder finding for 'Unauthorized DCSync Permissions', generated to exercise report rendering - not a real detection result against 'fabrikam.local' or any other domain.","[SYNTHETIC TEST DATA] Placeholder impact text for 'Unauthorized DCSync Permissions'. See src/Scoring.ps1 and the corresponding src/*.ps1 check for this Issue's real Impact wording.","[SYNTHETIC TEST DATA] Placeholder remediation text for 'Unauthorized DCSync Permissions'.","09/21/2026 20:17:13","T1003.006","vuln1_dcsync","40","4","{""Tier"":""25pct"",""Synthetic"":true}","Low - removing two specific extended-right ACEs (Replicating Directory Changes / Replicating Directory Changes All) from one object, a well-scoped ACE change.","Legitimate DCSync-capable accounts are normally limited to Domain Controllers, Domain/Enterprise Admins, and directory-sync tools like Azure AD Connect; removing an unauthorized grant has no legitimate compatibility impact unless it turns out to be an undocumented, currently-in-use sync or identity-governance tool, so confirm no such tool depends on it.","Moderate - export the domain object's ACL before removing the specific extended-right ACEs so they can be restored if a legitimate sync tool is affected; changes follow normal AD replication.","",""
"Domain Trusts","Trust Configured for Privileged Identity Management (PIM_TRUST)","Critical","synthetic-object-8.fabrikam.local","[SYNTHETIC TEST DATA] Placeholder finding for 'Trust Configured for Privileged Identity Management (PIM_TRUST)', generated to exercise report rendering - not a real detection result against 'fabrikam.local' or any other domain.","[SYNTHETIC TEST DATA] Placeholder impact text for 'Trust Configured for Privileged Identity Management (PIM_TRUST)'. See src/Scoring.ps1 and the corresponding src/*.ps1 check for this Issue's real Impact wording.","[SYNTHETIC TEST DATA] Placeholder remediation text for 'Trust Configured for Privileged Identity Management (PIM_TRUST)'.","09/21/2026 20:17:13","T1558","vuln1_pim_trust","40","4","{""Tier"":""25pct"",""Synthetic"":true}","Low - a single trust-attribute bit toggle, but confirm with the trust's owning teams before clearing it, since PIM trusts are typically deliberate cross-forest identity-management configurations.","Clearing PIM_TRUST restores standard SID filtering across the trust, which will break any legitimate Privileged Identity Management workflow that currently depends on the relaxed filtering - confirm the trust's purpose with its owning teams before changing it.","Easy - the attribute can be re-set if a legitimate dependency surfaces; effective immediately, no data loss.","",""
"Replication Security","SPN-Holding Account Also Has DCSync Rights","Critical","synthetic-object-9.fabrikam.local","[SYNTHETIC TEST DATA] Placeholder finding for 'SPN-Holding Account Also Has DCSync Rights', generated to exercise report rendering - not a real detection result against 'fabrikam.local' or any other domain.","[SYNTHETIC TEST DATA] Placeholder impact text for 'SPN-Holding Account Also Has DCSync Rights'. See src/Scoring.ps1 and the corresponding src/*.ps1 check for this Issue's real Impact wording.","[SYNTHETIC TEST DATA] Placeholder remediation text for 'SPN-Holding Account Also Has DCSync Rights'.","09/21/2026 20:17:13","T1003.006","vuln1_spn_dcsync_chain","40","4","{""Tier"":""25pct"",""Synthetic"":true}","Low - the same single-ACE removal already scoped in the standalone Unauthorized DCSync Permissions finding for this account, or a routine SPN removal/service-account migration, whichever side is decided on.","Removing DCSync rights or an SPN from an account that turns out to be a legitimate directory-sync or service account will break that tool/service until re-provisioned correctly (e.g. via a dedicated gMSA without DCSync rights) - confirm the account's actual purpose before changing either side.","Moderate - export the current ACL and/or SPN value before changing either side so it can be restored if a legitimate dependency surfaces.","",""
"Legacy Auth & Name Poisoning","SMBv1 Enabled / Not Disabled by Policy","Critical","synthetic-object-10.fabrikam.local","[SYNTHETIC TEST DATA] Placeholder finding for 'SMBv1 Enabled / Not Disabled by Policy', generated to exercise report rendering - not a real detection result against 'fabrikam.local' or any other domain.","[SYNTHETIC TEST DATA] Placeholder impact text for 'SMBv1 Enabled / Not Disabled by Policy'. See src/Scoring.ps1 and the corresponding src/*.ps1 check for this Issue's real Impact wording.","[SYNTHETIC TEST DATA] Placeholder remediation text for 'SMBv1 Enabled / Not Disabled by Policy'.","09/21/2026 20:17:13","T1210","vuln1_smbv1_enabled","40","4","{""Tier"":""25pct"",""Synthetic"":true}","Medium - disabling SMBv1 requires confirming no legacy device (old NAS, printer, embedded scanner, very old OS) still requires it, since this is a widely documented historical dependency.","Many legacy or embedded devices (older printers/scanners/NAS, very old Windows/Samba versions) only support SMBv1 and will lose file/print connectivity once it's disabled.","Easy - re-enable the SMBv1 feature/GPO setting; effective after a restart/policy refresh, no data loss.","",""
"Legacy Auth & Name Poisoning","SMB Signing Not Required","Critical","synthetic-object-11.fabrikam.local","[SYNTHETIC TEST DATA] Placeholder finding for 'SMB Signing Not Required', generated to exercise report rendering - not a real detection result against 'fabrikam.local' or any other domain.","[SYNTHETIC TEST DATA] Placeholder impact text for 'SMB Signing Not Required'. See src/Scoring.ps1 and the corresponding src/*.ps1 check for this Issue's real Impact wording.","[SYNTHETIC TEST DATA] Placeholder remediation text for 'SMB Signing Not Required'.","09/21/2026 20:17:13","T1557.001","vuln1_smb_signing_not_required","40","4","{""Tier"":""25pct"",""Synthetic"":true}","Medium - requiring SMB signing domain/DC-wide can affect performance and legacy client compatibility, so validate with a monitoring window per Microsoft's own guidance.","Requiring SMB signing adds CPU overhead per SMB packet and can break or slow legacy SMB clients or devices that don't support it.","Easy - revert the GPO setting; effective at next Group Policy refresh, no data loss.","",""
"Admin Equivalence","SID History Injection (Same Domain)","Critical","synthetic-object-12.fabrikam.local","[SYNTHETIC TEST DATA] Placeholder finding for 'SID History Injection (Same Domain)', generated to exercise report rendering - not a real detection result against 'fabrikam.local' or any other domain.","[SYNTHETIC TEST DATA] Placeholder impact text for 'SID History Injection (Same Domain)'. See src/Scoring.ps1 and the corresponding src/*.ps1 check for this Issue's real Impact wording.","[SYNTHETIC TEST DATA] Placeholder remediation text for 'SID History Injection (Same Domain)'.","09/21/2026 20:17:13","T1134.005","vuln1_sid_history_injection","40","4","{""Tier"":""25pct"",""Synthetic"":true}","High - this is an active-compromise indicator, not a configuration fix; it requires incident-response engagement, forensic investigation, and likely a KRBTGT password reset (twice) if a Golden Ticket is suspected, not a single change.","Resetting the account or clearing sIDHistory while an attacker may still have persistence elsewhere (forged tickets, other backdoors) can tip them off without fully evicting them, so this needs IR judgment, not just a config change.","Hard/Limited - this isn't a reversible setting; it's an incident-response action (reset/disable the account and investigate origin) with no rollback concept.","Engage incident response before making changes if compromise is suspected, since a same-domain sIDHistory entry is a well-documented Golden Ticket/injection indicator rather than a misconfiguration.",""
"Domain Trusts","SID Filtering Disabled on External Trust","Critical","synthetic-object-13.fabrikam.local","[SYNTHETIC TEST DATA] Placeholder finding for 'SID Filtering Disabled on External Trust', generated to exercise report rendering - not a real detection result against 'fabrikam.local' or any other domain.","[SYNTHETIC TEST DATA] Placeholder impact text for 'SID Filtering Disabled on External Trust'. See src/Scoring.ps1 and the corresponding src/*.ps1 check for this Issue's real Impact wording.","[SYNTHETIC TEST DATA] Placeholder remediation text for 'SID Filtering Disabled on External Trust'.","09/21/2026 20:17:13","T1134.005","vuln1_sid_filtering_disabled","40","4","{""Tier"":""25pct"",""Synthetic"":true}","Low - a single trust property toggle.","SID filtering blocks SID-history-based authorization across the trust, so if the other domain legitimately relies on SID history for migrated accounts to retain access, enabling filtering can break that access; confirm no active migration depends on it.","Easy - toggle SID filtering back off; effective immediately, no data loss.","",""
"Admin Equivalence","Shadow Credentials Detected","Critical","synthetic-object-14.fabrikam.local","[SYNTHETIC TEST DATA] Placeholder finding for 'Shadow Credentials Detected', generated to exercise report rendering - not a real detection result against 'fabrikam.local' or any other domain.","[SYNTHETIC TEST DATA] Placeholder impact text for 'Shadow Credentials Detected'. See src/Scoring.ps1 and the corresponding src/*.ps1 check for this Issue's real Impact wording.","[SYNTHETIC TEST DATA] Placeholder remediation text for 'Shadow Credentials Detected'.","09/21/2026 20:17:13","T1556","vuln1_shadow_credentials","40","4","{""Tier"":""25pct"",""Synthetic"":true}","Low - clearing the msDS-KeyCredentialLink attribute is a single-attribute change on one object.","Removing an unauthorized key credential has no legitimate compatibility impact unless it is actually a currently-enrolled Windows Hello for Business or passwordless-auth key, so confirm the key isn't legitimate before clearing.","Moderate - export the current msDS-KeyCredentialLink value before clearing so a legitimate key can be restored if the removal turns out to affect a real passwordless sign-in.","",""
"Schema Integrity","Schema defaultSecurityDescriptor Modified","Critical","synthetic-object-15.fabrikam.local","[SYNTHETIC TEST DATA] Placeholder finding for 'Schema defaultSecurityDescriptor Modified', generated to exercise report rendering - not a real detection result against 'fabrikam.local' or any other domain.","[SYNTHETIC TEST DATA] Placeholder impact text for 'Schema defaultSecurityDescriptor Modified'. See src/Scoring.ps1 and the corresponding src/*.ps1 check for this Issue's real Impact wording.","[SYNTHETIC TEST DATA] Placeholder remediation text for 'Schema defaultSecurityDescriptor Modified'.","09/21/2026 20:17:13","T1098","vuln1_schema_default_sd","40","4","{""Tier"":""25pct"",""Synthetic"":true}","Medium - schema changes require Schema Admins and are forest-wide; validate the corrected SDDL in a lab before applying to production.","Restoring the default defaultSecurityDescriptor does not retroactively fix already-created objects that inherited the modified ACL at creation time - those objects need to be separately identified and remediated.","Difficult - schema attribute value changes are not easily reverted once objects have been created under the modified default; back up the current value and plan for a separate remediation pass on already-affected objects.","",""
"Stale-Object & Hygiene Depth","Rogue NTDS Settings Object Detected","Critical","synthetic-object-16.fabrikam.local","[SYNTHETIC TEST DATA] Placeholder finding for 'Rogue NTDS Settings Object Detected', generated to exercise report rendering - not a real detection result against 'fabrikam.local' or any other domain.","[SYNTHETIC TEST DATA] Placeholder impact text for 'Rogue NTDS Settings Object Detected'. See src/Scoring.ps1 and the corresponding src/*.ps1 check for this Issue's real Impact wording.","[SYNTHETIC TEST DATA] Placeholder remediation text for 'Rogue NTDS Settings Object Detected'.","09/21/2026 20:17:13","T1207","vuln1_rogue_ntds_object","40","4","{""Tier"":""25pct"",""Synthetic"":true}","High - this requires an incident-response-style investigation (replication metadata, event log correlation, timeline reconstruction) before any cleanup action, not a routine configuration fix.","Deleting the object directly (rather than via documented DC metadata cleanup) can leave inconsistent replication metadata across the forest; treat this as a potential security incident requiring investigation before remediation, not a routine hygiene item.","N/A - this is a detection/investigation finding; remediation should follow Microsoft's documented metadata-cleanup procedure once the object is confirmed non-legitimate.","",""
"User Account","Reversible Password Encryption","Critical","synthetic-object-17.fabrikam.local","[SYNTHETIC TEST DATA] Placeholder finding for 'Reversible Password Encryption', generated to exercise report rendering - not a real detection result against 'fabrikam.local' or any other domain.","[SYNTHETIC TEST DATA] Placeholder impact text for 'Reversible Password Encryption'. See src/Scoring.ps1 and the corresponding src/*.ps1 check for this Issue's real Impact wording.","[SYNTHETIC TEST DATA] Placeholder remediation text for 'Reversible Password Encryption'.","09/21/2026 20:17:13","T1003","vuln1_reversible_password","40","4","{""Tier"":""25pct"",""Synthetic"":true}","Low - a single userAccountControl flag (ENCRYPTED_TEXT_PWD_ALLOWED) per account.","The existing reversibly-encrypted copy of the password persists until the account's next password change, so disabling the flag alone doesn't retroactively protect the current password.","Easy - revert the flag; no data loss, though not retroactive to the already-stored reversible copy.","",""
"Domain Security","Reversible Encryption Enabled Domain-Wide","Critical","synthetic-object-18.fabrikam.local","[SYNTHETIC TEST DATA] Placeholder finding for 'Reversible Encryption Enabled Domain-Wide', generated to exercise report rendering - not a real detection result against 'fabrikam.local' or any other domain.","[SYNTHETIC TEST DATA] Placeholder impact text for 'Reversible Encryption Enabled Domain-Wide'. See src/Scoring.ps1 and the corresponding src/*.ps1 check for this Issue's real Impact wording.","[SYNTHETIC TEST DATA] Placeholder remediation text for 'Reversible Encryption Enabled Domain-Wide'.","09/21/2026 20:17:13","T1003","vuln1_reversible_domain_wide","40","4","{""Tier"":""25pct"",""Synthetic"":true}","Medium - disabling the setting alone doesn't clear already-stored reversibly-encrypted password copies for existing accounts, so plan a follow-up forced password change for previously affected accounts.","The existing stored reversible-encryption copy persists for each account until its next password change, so disabling the GPO setting alone doesn't retroactively protect current passwords, a documented Microsoft behavior.","Easy - revert the GPO setting; no data loss, though re-enabling doesn't restore already-cleared reversible copies.","",""
"Admin Equivalence","Privileged SID in History","Critical","synthetic-object-19.fabrikam.local","[SYNTHETIC TEST DATA] Placeholder finding for 'Privileged SID in History', generated to exercise report rendering - not a real detection result against 'fabrikam.local' or any other domain.","[SYNTHETIC TEST DATA] Placeholder impact text for 'Privileged SID in History'. See src/Scoring.ps1 and the corresponding src/*.ps1 check for this Issue's real Impact wording.","[SYNTHETIC TEST DATA] Placeholder remediation text for 'Privileged SID in History'.","09/21/2026 20:17:13","T1134.005","vuln1_privileged_sid_history","40","4","{""Tier"":""25pct"",""Synthetic"":true}","Medium - clearing sIDHistory is simple technically, but confirming the account isn't an active cross-domain migration in progress requires checking with whoever ran the migration.","If a domain migration is still underway, clearing sIDHistory before every migrated resource's ACL has been updated to the new SID can break the migrated user's access to resources that still only trust the old SID.","Hard/Limited - sIDHistory can't be restored to its prior value without re-injecting it via the same migration tooling (e.g. ADMT) that originally populated it; treat clearing it as a one-way cleanup once confirmed unauthorized.","",""
"Uncategorized (Synthetic)","Privileged Account with SPN (Kerberoasting Risk)","Critical","synthetic-object-20.fabrikam.local","[SYNTHETIC TEST DATA] Placeholder finding for 'Privileged Account with SPN (Kerberoasting Risk)', generated to exercise report rendering - not a real detection result against 'fabrikam.local' or any other domain.","[SYNTHETIC TEST DATA] Placeholder impact text for 'Privileged Account with SPN (Kerberoasting Risk)'. See src/Scoring.ps1 and the corresponding src/*.ps1 check for this Issue's real Impact wording.","[SYNTHETIC TEST DATA] Placeholder remediation text for 'Privileged Account with SPN (Kerberoasting Risk)'.","09/21/2026 20:17:13","T1558.003","vuln1_priv_spn_kerberoast","40","4","{""Tier"":""25pct"",""Synthetic"":true}","Medium - same as the non-privileged version, but the higher blast radius (a privileged account) makes coordinating the gMSA migration or password rotation with the service owner more urgent.","A privileged service account with an SPN and a weak/crackable password is a high-value Kerberoasting target, since cracking it yields privileged access directly; migrating to a gMSA is the standard fix but requires the hosting application to support it.","Easy - if gMSA migration isn't viable, revert to the original account with a long/complex manually-set password; no data loss, though any ticket captured before the change remains crackable until the old password is retired.","",""
"Read-Only Domain Controller Security Posture","Privileged Account Revealed to RODC","Critical","synthetic-object-21.fabrikam.local","[SYNTHETIC TEST DATA] Placeholder finding for 'Privileged Account Revealed to RODC', generated to exercise report rendering - not a real detection result against 'fabrikam.local' or any other domain.","[SYNTHETIC TEST DATA] Placeholder impact text for 'Privileged Account Revealed to RODC'. See src/Scoring.ps1 and the corresponding src/*.ps1 check for this Issue's real Impact wording.","[SYNTHETIC TEST DATA] Placeholder remediation text for 'Privileged Account Revealed to RODC'.","09/21/2026 20:17:13","T1003","vuln1_rodc_privileged_revealed","40","4","{""Tier"":""25pct"",""Synthetic"":true}","Medium - the exposed account's password must be reset and the Password Replication Policy corrected; this is a credential-exposure event on that RODC, not just a config change.","Once a password has been cached on an RODC it must be treated as exposed to anyone with local admin or physical access to that RODC, per the standard RODC security model (RODCs are assumed to be physically less secure); correcting the policy going forward does not undo the existing cached credential.","Hard/Limited - the credential exposure itself can't be rolled back, only remediated by resetting the account's password; the Password Replication Policy setting itself, however, can be easily reverted.","",""
"Coercion & Relay Exposure","Print Spooler Running on Domain Controller","Critical","synthetic-object-22.fabrikam.local","[SYNTHETIC TEST DATA] Placeholder finding for 'Print Spooler Running on Domain Controller', generated to exercise report rendering - not a real detection result against 'fabrikam.local' or any other domain.","[SYNTHETIC TEST DATA] Placeholder impact text for 'Print Spooler Running on Domain Controller'. See src/Scoring.ps1 and the corresponding src/*.ps1 check for this Issue's real Impact wording.","[SYNTHETIC TEST DATA] Placeholder remediation text for 'Print Spooler Running on Domain Controller'.","09/21/2026 20:17:13","T1187","vuln1_dc_spooler_running","40","4","{""Tier"":""25pct"",""Synthetic"":true}","Low - stop and disable a single service on each DC (or via GPO).","Disabling the Spooler service on a DC breaks any printing initiated directly from that DC itself, which is essentially never a legitimate DC role; it has no effect on printing by domain clients, which don't route jobs through DCs.","Easy - re-enable and start the service; effective immediately, no data loss.","",""
"Certificate Services","Overly Permissive CA Permissions (ESC7)","Critical","synthetic-object-23.fabrikam.local","[SYNTHETIC TEST DATA] Placeholder finding for 'Overly Permissive CA Permissions (ESC7)', generated to exercise report rendering - not a real detection result against 'fabrikam.local' or any other domain.","[SYNTHETIC TEST DATA] Placeholder impact text for 'Overly Permissive CA Permissions (ESC7)'. See src/Scoring.ps1 and the corresponding src/*.ps1 check for this Issue's real Impact wording.","[SYNTHETIC TEST DATA] Placeholder remediation text for 'Overly Permissive CA Permissions (ESC7)'.","09/21/2026 20:17:13","T1649","vuln1_adcs_esc7","40","4","{""Tier"":""25pct"",""Synthetic"":true}","Medium - removing Manage CA / Manage Certificates rights from an unexpected principal on the CA object's own ACL; confirm with the PKI team it isn't a legitimate delegated administrator.","Procedural - confirm the principal isn't an active, legitimate delegated CA administrator before removing their rights.","Easy - re-add the removed permission via the CA console's Security tab; effective immediately, no data loss.","",""
"Uncategorized (Synthetic)","Non-Standard Permissions on Schema Naming Context","Critical","synthetic-object-24.fabrikam.local","[SYNTHETIC TEST DATA] Placeholder finding for 'Non-Standard Permissions on Schema Naming Context', generated to exercise report rendering - not a real detection result against 'fabrikam.local' or any other domain.","[SYNTHETIC TEST DATA] Placeholder impact text for 'Non-Standard Permissions on Schema Naming Context'. See src/Scoring.ps1 and the corresponding src/*.ps1 check for this Issue's real Impact wording.","[SYNTHETIC TEST DATA] Placeholder remediation text for 'Non-Standard Permissions on Schema Naming Context'.","09/21/2026 20:17:13","T1098","vuln1_schema_nc_acl","40","4","{""Tier"":""25pct"",""Synthetic"":true}","","","","",""
"Uncategorized (Synthetic)","Non-Standard Permissions on Configuration Naming Context","Critical","synthetic-object-25.fabrikam.local","[SYNTHETIC TEST DATA] Placeholder finding for 'Non-Standard Permissions on Configuration Naming Context', generated to exercise report rendering - not a real detection result against 'fabrikam.local' or any other domain.","[SYNTHETIC TEST DATA] Placeholder impact text for 'Non-Standard Permissions on Configuration Naming Context'. See src/Scoring.ps1 and the corresponding src/*.ps1 check for this Issue's real Impact wording.","[SYNTHETIC TEST DATA] Placeholder remediation text for 'Non-Standard Permissions on Configuration Naming Context'.","09/21/2026 20:17:13","T1098","vuln1_config_nc_acl","40","4","{""Tier"":""25pct"",""Synthetic"":true}","","","","",""
"AdminSDHolder","Non-Standard Permissions on AdminSDHolder","Critical","synthetic-object-26.fabrikam.local","[SYNTHETIC TEST DATA] Placeholder finding for 'Non-Standard Permissions on AdminSDHolder', generated to exercise report rendering - not a real detection result against 'fabrikam.local' or any other domain.","[SYNTHETIC TEST DATA] Placeholder impact text for 'Non-Standard Permissions on AdminSDHolder'. See src/Scoring.ps1 and the corresponding src/*.ps1 check for this Issue's real Impact wording.","[SYNTHETIC TEST DATA] Placeholder remediation text for 'Non-Standard Permissions on AdminSDHolder'.","09/21/2026 20:17:13","T1098","vuln1_adminsdholder_acl","40","4","{""Tier"":""25pct"",""Synthetic"":true}","Medium - a single-object ACE removal, but AdminSDHolder's SDProp mechanism propagates the corrected ACL to every protected (Tier-0) object domain-wide, so confirm the trustee isn't a legitimate delegated Tier-0 management tool first.","Procedural - confirm the trustee isn't an intentional, currently-used Tier-0 delegation before removing; there is no realistic legitimate compatibility break otherwise.","Moderate - export the current ACL first; full effect across every protected object depends on SDProp's next propagation cycle, not just AD replication.","",""
"DNS Security","Non-Default Members in DnsAdmins","Critical","synthetic-object-27.fabrikam.local","[SYNTHETIC TEST DATA] Placeholder finding for 'Non-Default Members in DnsAdmins', generated to exercise report rendering - not a real detection result against 'fabrikam.local' or any other domain.","[SYNTHETIC TEST DATA] Placeholder impact text for 'Non-Default Members in DnsAdmins'. See src/Scoring.ps1 and the corresponding src/*.ps1 check for this Issue's real Impact wording.","[SYNTHETIC TEST DATA] Placeholder remediation text for 'Non-Default Members in DnsAdmins'.","09/21/2026 20:17:13","T1574.002","vuln1_dnsadmins_members","40","4","{""Tier"":""25pct"",""Synthetic"":true}","Low - removing an unexpected member from one group.","DnsAdmins membership is a well-documented privilege-escalation vector (historical DNS-server-service DLL abuse); removing an unexpected member has no legitimate compatibility risk beyond that person losing DNS management rights, so confirm with them first.","Easy - re-add the member if needed; effective on next Kerberos ticket refresh, no data loss.","",""
"Managed Service Accounts","Non-Default Access to gMSA KDS Root Key","Critical","synthetic-object-28.fabrikam.local","[SYNTHETIC TEST DATA] Placeholder finding for 'Non-Default Access to gMSA KDS Root Key', generated to exercise report rendering - not a real detection result against 'fabrikam.local' or any other domain.","[SYNTHETIC TEST DATA] Placeholder impact text for 'Non-Default Access to gMSA KDS Root Key'. See src/Scoring.ps1 and the corresponding src/*.ps1 check for this Issue's real Impact wording.","[SYNTHETIC TEST DATA] Placeholder remediation text for 'Non-Default Access to gMSA KDS Root Key'.","09/21/2026 20:17:13","T1552.005","vuln1_gmsa_kds_root_key","40","4","{""Tier"":""25pct"",""Synthetic"":true}","Low - a targeted ACE removal on one forest-level container, but confirm the principal isn't a legitimate delegated PKI/identity-management tool before removing.","No legitimate gMSA host or consumer needs direct access to the KDS root key object itself (they retrieve their own gMSA's password via msDS-ManagedPassword, not this key) - removing an unexpected grant has no legitimate compatibility impact unless it is an undocumented, currently-in-use PKI/identity tool, so confirm first.","Moderate - export the current ACL before removing the specific ACE(s) so they can be restored if a legitimate dependency surfaces.","",""
"Domain Security","Non-Default Access to Domain DPAPI Backup Key","Critical","synthetic-object-29.fabrikam.local","[SYNTHETIC TEST DATA] Placeholder finding for 'Non-Default Access to Domain DPAPI Backup Key', generated to exercise report rendering - not a real detection result against 'fabrikam.local' or any other domain.","[SYNTHETIC TEST DATA] Placeholder impact text for 'Non-Default Access to Domain DPAPI Backup Key'. See src/Scoring.ps1 and the corresponding src/*.ps1 check for this Issue's real Impact wording.","[SYNTHETIC TEST DATA] Placeholder remediation text for 'Non-Default Access to Domain DPAPI Backup Key'.","09/21/2026 20:17:13","T1552.001","vuln1_dpapi_backup_key","40","4","{""Tier"":""25pct"",""Synthetic"":true}","Low - a targeted ACE removal on one or a small handful of domain-level objects, but confirm the principal isn't a legitimate, currently-used backup/recovery tool before removing.","No legitimate day-to-day workflow needs direct access to the domain DPAPI backup key objects themselves; removing an unexpected grant has no legitimate compatibility impact unless it turns out to be an undocumented, currently-in-use backup/recovery tool, so confirm first.","Moderate - export the current ACL before removing the specific ACE(s) so they can be restored if a legitimate dependency surfaces.","",""
"Legacy Auth & Name Poisoning","LM/NTLMv1 Authentication Permitted","Critical","synthetic-object-30.fabrikam.local","[SYNTHETIC TEST DATA] Placeholder finding for 'LM/NTLMv1 Authentication Permitted', generated to exercise report rendering - not a real detection result against 'fabrikam.local' or any other domain.","[SYNTHETIC TEST DATA] Placeholder impact text for 'LM/NTLMv1 Authentication Permitted'. See src/Scoring.ps1 and the corresponding src/*.ps1 check for this Issue's real Impact wording.","[SYNTHETIC TEST DATA] Placeholder remediation text for 'LM/NTLMv1 Authentication Permitted'.","09/21/2026 20:17:13","T1557.001","vuln1_lm_ntlmv1_permitted","40","4","{""Tier"":""25pct"",""Synthetic"":true}","Medium - raising the LAN Manager authentication level domain-wide can break very old clients/devices, so audit NTLM usage first, per Microsoft's own documented audit-before-enforce guidance.","Enforcing NTLMv2-only will break authentication for legacy devices or applications that only support LM or NTLMv1 (older network appliances, some legacy SMB/CIFS-based systems).","Easy - revert the LAN Manager authentication level GPO setting; effective at next Group Policy refresh, no data loss.","",""
"Coercion & Relay Exposure","LDAP Signing Not Enforced on Domain Controller","Critical","synthetic-object-31.fabrikam.local","[SYNTHETIC TEST DATA] Placeholder finding for 'LDAP Signing Not Enforced on Domain Controller', generated to exercise report rendering - not a real detection result against 'fabrikam.local' or any other domain.","[SYNTHETIC TEST DATA] Placeholder impact text for 'LDAP Signing Not Enforced on Domain Controller'. See src/Scoring.ps1 and the corresponding src/*.ps1 check for this Issue's real Impact wording.","[SYNTHETIC TEST DATA] Placeholder remediation text for 'LDAP Signing Not Enforced on Domain Controller'.","09/21/2026 20:17:13","T1557.001","vuln1_ldap_signing_not_enforced","40","4","{""Tier"":""25pct"",""Synthetic"":true}","Medium - a domain/DC-wide GPO or registry setting; Microsoft's own LDAP-signing hardening guidance recommends an audit period before enforcing.","Enforcing LDAP signing can break unsigned-LDAP clients, applications, or network appliances, a documented compatibility concern in Microsoft's LDAP signing advisory.","Easy - revert the GPO/registry setting; effective at next policy refresh, no data loss.","Monitor Directory Service event ID 2887 (count of unsigned LDAP binds) before enforcing, per Microsoft's own documented rollout guidance.",""
"Coercion & Relay Exposure","LDAP Channel Binding Not Enforced","Critical","synthetic-object-32.fabrikam.local","[SYNTHETIC TEST DATA] Placeholder finding for 'LDAP Channel Binding Not Enforced', generated to exercise report rendering - not a real detection result against 'fabrikam.local' or any other domain.","[SYNTHETIC TEST DATA] Placeholder impact text for 'LDAP Channel Binding Not Enforced'. See src/Scoring.ps1 and the corresponding src/*.ps1 check for this Issue's real Impact wording.","[SYNTHETIC TEST DATA] Placeholder remediation text for 'LDAP Channel Binding Not Enforced'.","09/21/2026 20:17:13","T1557.001","vuln1_ldap_channel_binding_not_enforced","40","4","{""Tier"":""25pct"",""Synthetic"":true}","Medium - a domain-wide registry/GPO setting on every DC; Microsoft's own guidance recommends a phased ""when supported"" rollout before enforcing, due to legacy client compatibility.","Enforcing LDAP channel binding can break LDAPS-based clients or appliances that don't support channel binding tokens, per Microsoft's own documented compatibility guidance.","Easy - revert the registry value/GPO setting; effective after next policy refresh/service restart, no data loss.","",""
"Kerberos Security","KRBTGT Password Age Exceeds Recommended Threshold","Critical","synthetic-object-33.fabrikam.local","[SYNTHETIC TEST DATA] Placeholder finding for 'KRBTGT Password Age Exceeds Recommended Threshold', generated to exercise report rendering - not a real detection result against 'fabrikam.local' or any other domain.","[SYNTHETIC TEST DATA] Placeholder impact text for 'KRBTGT Password Age Exceeds Recommended Threshold'. See src/Scoring.ps1 and the corresponding src/*.ps1 check for this Issue's real Impact wording.","[SYNTHETIC TEST DATA] Placeholder remediation text for 'KRBTGT Password Age Exceeds Recommended Threshold'.","09/21/2026 20:17:13","T1558.001","vuln1_krbtgt_age","40","4","{""Tier"":""25pct"",""Synthetic"":true}","Medium - a KRBTGT reset needs to be done twice, roughly a replication cycle apart, to fully invalidate old tickets - this is a documented, deliberate two-step process, not a single trivial change.","Resetting KRBTGT invalidates existing Kerberos tickets domain-wide once fully replicated; doing both resets in quick succession without allowing replication between them is the well-documented way to cause a temporary authentication disruption, so pace them one replication cycle apart.","Hard/Limited - a password reset cannot be undone to the old value, only reset again; if issues arise, the fix is to complete the second reset and let replication converge, not to revert.","",""
"Group Policy","GPP cpassword Found in SYSVOL","Critical","synthetic-object-34.fabrikam.local","[SYNTHETIC TEST DATA] Placeholder finding for 'GPP cpassword Found in SYSVOL', generated to exercise report rendering - not a real detection result against 'fabrikam.local' or any other domain.","[SYNTHETIC TEST DATA] Placeholder impact text for 'GPP cpassword Found in SYSVOL'. See src/Scoring.ps1 and the corresponding src/*.ps1 check for this Issue's real Impact wording.","[SYNTHETIC TEST DATA] Placeholder remediation text for 'GPP cpassword Found in SYSVOL'.","09/21/2026 20:17:13","T1552.006","vuln1_gpp_cpassword","40","4","{""Tier"":""25pct"",""Synthetic"":true}","Medium - the embedded account's password must be rotated everywhere it's used (it's already fully compromised) and the GPP item removed or recreated without cpassword.","The embedded password is trivially decryptable by any authenticated user, since Microsoft publicly released the AES key used for GPP cpassword encryption after MS14-025 - treat it as already fully compromised and rotate the account's password before or immediately after removing the GPP item.","Hard/Limited - like the logon-script credential finding, this isn't a reversible setting; the exposure already happened and the credential must be rotated, not restored.","",""
"Legacy Auth & Name Poisoning","GPO Permits LM Hash Storage","Critical","synthetic-object-35.fabrikam.local","[SYNTHETIC TEST DATA] Placeholder finding for 'GPO Permits LM Hash Storage', generated to exercise report rendering - not a real detection result against 'fabrikam.local' or any other domain.","[SYNTHETIC TEST DATA] Placeholder impact text for 'GPO Permits LM Hash Storage'. See src/Scoring.ps1 and the corresponding src/*.ps1 check for this Issue's real Impact wording.","[SYNTHETIC TEST DATA] Placeholder remediation text for 'GPO Permits LM Hash Storage'.","09/21/2026 20:17:13","T1557.001","vuln1_lm_hash_storage","40","4","{""Tier"":""25pct"",""Synthetic"":true}","Low - a single GPO setting applied domain-wide; existing LM hashes clear naturally as passwords are next changed.","No legitimate modern workflow depends on LM hashes being stored; the only practical consideration is that existing LM hashes persist until each account's next password change, not immediately.","Easy - revert the GPO setting; effective at next Group Policy refresh, no data loss.","",""
"Group Policy","GPO Linked to Domain Controllers with Weak Permissions","Critical","synthetic-object-36.fabrikam.local","[SYNTHETIC TEST DATA] Placeholder finding for 'GPO Linked to Domain Controllers with Weak Permissions', generated to exercise report rendering - not a real detection result against 'fabrikam.local' or any other domain.","[SYNTHETIC TEST DATA] Placeholder impact text for 'GPO Linked to Domain Controllers with Weak Permissions'. See src/Scoring.ps1 and the corresponding src/*.ps1 check for this Issue's real Impact wording.","[SYNTHETIC TEST DATA] Placeholder remediation text for 'GPO Linked to Domain Controllers with Weak Permissions'.","09/21/2026 20:17:13","T1484.001","vuln1_gpo_dc_weak_perms","40","4","{""Tier"":""25pct"",""Synthetic"":true}","Medium - removing a non-standard Edit/Write right from the GPO object itself; confirm the trustee isn't a legitimate delegated GPO-management account.","Procedural - confirm the trustee isn't a legitimate delegated GPO administrator for that specific GPO before removing their rights.","Easy - restore the GPO permission via GPMC; effective immediately, though the change still needs to replicate to all DCs.","",""
"Group Policy","GPO Grants Sensitive Logon Right to Broad Principal","Critical","synthetic-object-37.fabrikam.local","[SYNTHETIC TEST DATA] Placeholder finding for 'GPO Grants Sensitive Logon Right to Broad Principal', generated to exercise report rendering - not a real detection result against 'fabrikam.local' or any other domain.","[SYNTHETIC TEST DATA] Placeholder impact text for 'GPO Grants Sensitive Logon Right to Broad Principal'. See src/Scoring.ps1 and the corresponding src/*.ps1 check for this Issue's real Impact wording.","[SYNTHETIC TEST DATA] Placeholder remediation text for 'GPO Grants Sensitive Logon Right to Broad Principal'.","09/21/2026 20:17:13","T1078","vuln1_gpo_anonymous_logon_right","40","4","{""Tier"":""25pct"",""Synthetic"":true}","Medium - removing a broad principal from a User Rights Assignment in one GPO; confirm no legitimate broad-access scenario (e.g. an intentional kiosk deployment) depends on it.","Removing a broad principal from a sensitive logon right can lock out any system or service that currently relies on that broad grant, so confirm intent before narrowing.","Easy - revert the User Rights Assignment setting in the GPO; effective at next Group Policy refresh, no data loss.","",""
"Group Policy","GPO Deploys Restricted Groups Membership","Critical","synthetic-object-38.fabrikam.local","[SYNTHETIC TEST DATA] Placeholder finding for 'GPO Deploys Restricted Groups Membership', generated to exercise report rendering - not a real detection result against 'fabrikam.local' or any other domain.","[SYNTHETIC TEST DATA] Placeholder impact text for 'GPO Deploys Restricted Groups Membership'. See src/Scoring.ps1 and the corresponding src/*.ps1 check for this Issue's real Impact wording.","[SYNTHETIC TEST DATA] Placeholder remediation text for 'GPO Deploys Restricted Groups Membership'.","09/21/2026 20:17:13","T1098.007","vuln1_gpo_restricted_groups","40","4","{""Tier"":""25pct"",""Synthetic"":true}","Medium - editing the Restricted Groups membership list in one GPO; confirm with the owning team which members are actually still needed before removing any.","Removing a member that legitimately needs local admin/RDP/backup rights on the affected computers will revoke that access at the next Group Policy refresh - confirm current legitimate use before narrowing.","Easy - restore the prior Restricted Groups membership list in the GPO; effective at next Group Policy refresh, no data loss.","",""
"Managed Service Accounts","gMSA Password Retrievable by Broad Principal","Critical","synthetic-object-39.fabrikam.local","[SYNTHETIC TEST DATA] Placeholder finding for 'gMSA Password Retrievable by Broad Principal', generated to exercise report rendering - not a real detection result against 'fabrikam.local' or any other domain.","[SYNTHETIC TEST DATA] Placeholder impact text for 'gMSA Password Retrievable by Broad Principal'. See src/Scoring.ps1 and the corresponding src/*.ps1 check for this Issue's real Impact wording.","[SYNTHETIC TEST DATA] Placeholder remediation text for 'gMSA Password Retrievable by Broad Principal'.","09/21/2026 20:17:13","T1552.005","vuln1_gmsa_broad_retrieval","40","4","{""Tier"":""25pct"",""Synthetic"":true}","Low - a single-attribute change on the gMSA object; confirm the actual hosting server(s) first so they remain in the narrowed list.","If the narrowed list omits a server that legitimately hosts this service, that server will fail to retrieve the password at its next rotation/lookup and the service will stop authenticating - confirm every real host before narrowing.","Easy - restore the prior PrincipalsAllowedToRetrieveManagedPassword value; takes effect immediately, no data loss.","",""
"Exchange-in-AD Privilege Escalation","Exchange Group Holds WriteDACL on Domain Object","Critical","synthetic-object-40.fabrikam.local","[SYNTHETIC TEST DATA] Placeholder finding for 'Exchange Group Holds WriteDACL on Domain Object', generated to exercise report rendering - not a real detection result against 'fabrikam.local' or any other domain.","[SYNTHETIC TEST DATA] Placeholder impact text for 'Exchange Group Holds WriteDACL on Domain Object'. See src/Scoring.ps1 and the corresponding src/*.ps1 check for this Issue's real Impact wording.","[SYNTHETIC TEST DATA] Placeholder remediation text for 'Exchange Group Holds WriteDACL on Domain Object'.","09/21/2026 20:17:13","T1098","vuln1_exchange_domain_writedacl","40","4","{""Tier"":""25pct"",""Synthetic"":true}","Medium - removing this legacy right requires confirming the current Exchange version/CU no longer needs it and coordinating with the Exchange admin team.","Some Exchange functionality - particularly on older CUs that still expect this legacy permission model - can break if the right is removed while an in-place Exchange server still depends on it; confirm current CU-level guidance before removing.","Moderate - export the domain object's ACL before removing the ACE so it can be restored if Exchange functionality is affected; changes follow normal AD replication.","",""
"Attack Paths","Everyone/Authenticated Users on a Control Path to Tier-0","Critical","synthetic-object-41.fabrikam.local","[SYNTHETIC TEST DATA] Placeholder finding for 'Everyone/Authenticated Users on a Control Path to Tier-0', generated to exercise report rendering - not a real detection result against 'fabrikam.local' or any other domain.","[SYNTHETIC TEST DATA] Placeholder impact text for 'Everyone/Authenticated Users on a Control Path to Tier-0'. See src/Scoring.ps1 and the corresponding src/*.ps1 check for this Issue's real Impact wording.","[SYNTHETIC TEST DATA] Placeholder remediation text for 'Everyone/Authenticated Users on a Control Path to Tier-0'.","09/21/2026 20:17:13","T1098","vuln1_control_path_broad","40","4","{""Tier"":""25pct"",""Synthetic"":true}","Medium - breaking one specific hop (a group nesting or ACE) in the chain; effort scales with how many hops and objects are involved for a given path.","Removing the identified hop could break a legitimate, if poorly documented, delegation model if the chain was set up intentionally rather than accidentally, so confirm with the object owner before removing.","Moderate - export the specific ACE or group membership being removed so it can be restored, then re-run this audit to confirm the path no longer resolves.","",""
